Station_ID,Date_Time,PCode,LEW_Pct,Depth_M,Agency,CCode,LCode,SCode,QCode,RCode,Result,Validated,Create_Update,Owner,Track_ID,Selected_By
CT,2021-01-01,Data 1,,,,,<NU,,,,1.411,1,2024-12-26 09:49:17,DPE,2.0,DPE
CT,2021-01-01,Data 6,,,,,<NU,,,,1.508,1,2024-12-26 09:48:24,DPE,2.0,DPE
CT,2021-01-02,Data 1,,,,,<NU,,,,1.522,1,2024-12-26 09:49:17,DPE,2.0,DPE
CT,2021-01-02,Data 6,,,,,<NU,,,,1.535,1,2024-12-26 09:48:24,DPE,2.0,DPE
CT,2021-01-03,Data 1,,,,,<NU,,,,1.43,1,2024-12-26 09:49:17,DPE,2.0,DPE
CT,2021-01-03,Data 6,,,,,<NU,,,,1.496,1,2024-12-26 09:48:24,DPE,2.0,DPE
CT,2021-01-04,Data 1,,,,,<NU,,,,1.355,1,2024-12-26 09:49:17,DPE,2.0,DPE
CT,2021-01-04,Data 6,,,,,<NU,,,,1.514,1,2024-12-26 09:48:24,DPE,2.0,DPE
CT,2021-01-05,Data 1,,,,,<NU,,,,1.087,1,2024-12-26 09:49:17,DPE,2.0,DPE
CT,2021-01-05,Data 6,,,,,<NU,,,,1.272,1,2024-12-26 09:48:24,DPE,2.0,DPE
CT,2021-01-05,Data 4,,,,,<NU,,,,13.1,1,2024-12-26 09:52:22,DPE,2.0,DPE
CT,2021-01-05,Data 5,,,,,<NU,,,,7.42,1,2024-12-26 09:51:30,DPE,2.0,DPE
CT,2021-01-05,Data 3,,,,,<NU,,,,56.5,1,2024-12-26 09:32:49,DPE,2.0,DPE
CT,2021-01-05,Data 2,,,,,<NU,,,,281.0,1,2024-12-26 09:30:58,DPE,2.0,DPE
CT,2021-01-05,Data 9,,,,,<NU,,,,13.8,1,2024-12-26 09:52:34,DPE,2.0,DPE
CT,2021-01-05,Data 10,,,,,<NU,,,,7.22,1,2024-12-26 09:51:09,DPE,2.0,DPE
CT,2021-01-05,Data 11,,,,,<NU,,,,9.07,1,2024-12-26 09:47:21,DPE,2.0,DPE
CT,2021-01-05,Data 8,,,,,<NU,,,,8.5,1,2024-12-26 09:32:35,DPE,2.0,DPE
CT,2021-01-05,Data 7,,,,,<NU,,,,4.8,1,2024-12-26 09:31:15,DPE,2.0,DPE
CT,2021-01-05,Data 16,,,,,<NU,,,,0.7,1,2024-12-26 09:53:59,DPE,2.0,DPE
CT,2021-01-05,Data 15,,,,,<NU,,,,5.7,1,2024-12-26 09:54:14,DPE,2.0,DPE
CT,2021-01-05,Data 14,,,,,<NU,,,,0.0,1,2024-12-26 09:49:42,DPE,2.0,DPE
CT,2021-01-05,Data 12,,,,,<NU,,,,10.0,1,2024-12-26 09:48:06,DPE,2.0,DPE
CT,2021-01-05,Data 17,,,,CAL,<NU,,,,276.200012,1,2024-12-26 10:40:16,DPE,4.0,DPE
CT,2021-01-05,Data 18,,,,,,,,,0.982918,0,2024-12-26 11:31:00,,,DPE
CT,2021-01-05,Data 19,,,,,,,,,0.849558,0,2024-12-26 11:33:00,,,DPE
CT,2021-01-05,Data 22,,,,,,,,,0.0,0,2024-12-26 13:10:00,,,DPE
CT,2021-01-05,Data 23,,,,,,,,,60.468334,0,2024-12-26 13:10:00,,,DPE
CT,2021-01-05,Data 24,,,,,,,,,7.425936,0,2024-12-26 13:10:00,,,DPE
CT,2021-01-05,Data 21,,,,,,,,,90.172081,0,2024-12-26 13:10:00,,,DPE
CT,2021-01-05,Data 20,,,,,,,,,50.920704,0,2024-12-26 13:10:00,,,DPE
CT,2021-01-06,Data 1,,,,,<NU,,,,1.018,1,2024-12-26 09:49:17,DPE,2.0,DPE
CT,2021-01-06,Data 6,,,,,<NU,,,,1.133,1,2024-12-26 09:48:24,DPE,2.0,DPE
CT,2021-01-07,Data 1,,,,,<NU,,,,0.98,1,2024-12-26 09:49:17,DPE,2.0,DPE
CT,2021-01-07,Data 6,,,,,<NU,,,,1.121,1,2024-12-26 09:48:24,DPE,2.0,DPE
CT,2021-01-08,Data 1,,,,,<NU,,,,1.061,1,2024-12-26 09:49:17,DPE,2.0,DPE
CT,2021-01-08,Data 6,,,,,<NU,,,,1.185,1,2024-12-26 09:48:24,DPE,2.0,DPE
CT,2021-01-09,Data 1,,,,,<NU,,,,1.321,1,2024-12-26 09:49:17,DPE,2.0,DPE
CT,2021-01-09,Data 6,,,,,<NU,,,,1.276,1,2024-12-26 09:48:24,DPE,2.0,DPE
CT,2021-01-10,Data 1,,,,,<NU,,,,1.299,1,2024-12-26 09:49:17,DPE,2.0,DPE
CT,2021-01-10,Data 6,,,,,<NU,,,,1.318,1,2024-12-26 09:48:24,DPE,2.0,DPE
CT,2021-01-11,Data 1,,,,,<NU,,,,1.175,1,2024-12-26 09:49:17,DPE,2.0,DPE
CT,2021-01-11,Data 6,,,,,<NU,,,,1.371,1,2024-12-26 09:48:24,DPE,2.0,DPE
CT,2021-01-12,Data 1,,,,,<NU,,,,1.135,1,2024-12-26 09:49:17,DPE,2.0,DPE
CT,2021-01-12,Data 6,,,,,<NU,,,,1.326,1,2024-12-26 09:48:24,DPE,2.0,DPE
CT,2021-01-12,Data 4,,,,,<NU,,,,12.2,1,2024-12-26 09:52:22,DPE,2.0,DPE
CT,2021-01-12,Data 5,,,,,<NU,,,,7.23,1,2024-12-26 09:51:30,DPE,2.0,DPE
CT,2021-01-12,Data 3,,,,,<NU,,,,28.0,1,2024-12-26 09:32:49,DPE,2.0,DPE
CT,2021-01-12,Data 2,,,,,<NU,,,,403.0,1,2024-12-26 09:30:58,DPE,2.0,DPE
CT,2021-01-12,Data 9,,,,,<NU,,,,12.0,1,2024-12-26 09:52:34,DPE,2.0,DPE
CT,2021-01-12,Data 10,,,,,<NU,,,,7.15,1,2024-12-26 09:51:09,DPE,2.0,DPE
CT,2021-01-12,Data 11,,,,,<NU,,,,8.48,1,2024-12-26 09:47:21,DPE,2.0,DPE
CT,2021-01-12,Data 8,,,,,<NU,,,,9.5,1,2024-12-26 09:32:35,DPE,2.0,DPE
CT,2021-01-12,Data 7,,,,,<NU,,,,6.5,1,2024-12-26 09:31:15,DPE,2.0,DPE
CT,2021-01-12,Data 16,,,,,<NU,,,,0.84,1,2024-12-26 09:53:59,DPE,2.0,DPE
CT,2021-01-12,Data 15,,,,,<NU,,,,5.4,1,2024-12-26 09:54:14,DPE,2.0,DPE
CT,2021-01-12,Data 14,,,,,<NU,,,,1.2,1,2024-12-26 09:49:42,DPE,2.0,DPE
CT,2021-01-12,Data 12,,,,,<NU,,,,20.0,1,2024-12-26 09:48:06,DPE,2.0,DPE
CT,2021-01-12,Data 17,,,,CAL,<NU,,,,396.5,1,2024-12-26 10:40:16,DPE,4.0,DPE
CT,2021-01-12,Data 18,,,,,,,,,0.983871,0,2024-12-26 11:31:00,,,DPE
CT,2021-01-12,Data 19,,,,,,,,,0.660714,0,2024-12-26 11:33:00,,,DPE
CT,2021-01-12,Data 22,,,,,,,,,13.270608,0,2024-12-26 13:10:00,,,DPE
CT,2021-01-12,Data 23,,,,,,,,,59.717735,0,2024-12-26 13:10:00,,,DPE
CT,2021-01-12,Data 24,,,,,,,,,9.289426,0,2024-12-26 13:10:00,,,DPE
CT,2021-01-12,Data 21,,,,,,,,,105.058983,0,2024-12-26 13:10:00,,,DPE
CT,2021-01-12,Data 20,,,,,,,,,71.882462,0,2024-12-26 13:10:00,,,DPE
CT,2021-01-13,Data 1,,,,,<NU,,,,1.122,1,2024-12-26 09:49:17,DPE,2.0,DPE
CT,2021-01-13,Data 6,,,,,<NU,,,,1.29,1,2024-12-26 09:48:24,DPE,2.0,DPE
CT,2021-01-14,Data 1,,,,,<NU,,,,1.12,1,2024-12-26 09:49:17,DPE,2.0,DPE
CT,2021-01-14,Data 6,,,,,<NU,,,,1.265,1,2024-12-26 09:48:24,DPE,2.0,DPE
CT,2021-01-15,Data 1,,,,,<NU,,,,1.121,1,2024-12-26 09:49:17,DPE,2.0,DPE
CT,2021-01-15,Data 6,,,,,<NU,,,,1.168,1,2024-12-26 09:48:24,DPE,2.0,DPE
CT,2021-01-16,Data 1,,,,,<NU,,,,1.217,1,2024-12-26 09:49:17,DPE,2.0,DPE
CT,2021-01-16,Data 6,,,,,<NU,,,,1.182,1,2024-12-26 09:48:24,DPE,2.0,DPE
CT,2021-01-17,Data 1,,,,,<NU,,,,1.211,1,2024-12-26 09:49:17,DPE,2.0,DPE
CT,2021-01-17,Data 6,,,,,<NU,,,,1.18,1,2024-12-26 09:48:24,DPE,2.0,DPE
CT,2021-01-18,Data 1,,,,,<NU,,,,0.987,1,2024-12-26 09:49:17,DPE,2.0,DPE
CT,2021-01-18,Data 6,,,,,<NU,,,,1.024,1,2024-12-26 09:48:24,DPE,2.0,DPE
CT,2021-01-19,Data 1,,,,,<NU,,,,0.97,1,2024-12-26 09:49:17,DPE,2.0,DPE
CT,2021-01-19,Data 6,,,,,<NU,,,,1.132,1,2024-12-26 09:48:24,DPE,2.0,DPE
CT,2021-01-19,Data 4,,,,,<NU,,,,11.7,1,2024-12-26 09:52:22,DPE,2.0,DPE
CT,2021-01-19,Data 5,,,,,<NU,,,,7.5,1,2024-12-26 09:51:30,DPE,2.0,DPE
CT,2021-01-19,Data 3,,,,,<NU,,,,342.0,1,2024-12-26 09:32:49,DPE,2.0,DPE
CT,2021-01-19,Data 2,,,,,<NU,,,,279.0,1,2024-12-26 09:30:58,DPE,2.0,DPE
CT,2021-01-19,Data 9,,,,,<NU,,,,13.0,1,2024-12-26 09:52:34,DPE,2.0,DPE
CT,2021-01-19,Data 10,,,,,<NU,,,,7.35,1,2024-12-26 09:51:09,DPE,2.0,DPE
CT,2021-01-19,Data 11,,,,,<NU,,,,8.69,1,2024-12-26 09:47:21,DPE,2.0,DPE
CT,2021-01-19,Data 8,,,,,<NU,,,,0.0,1,2024-12-26 09:32:35,DPE,2.0,DPE
CT,2021-01-19,Data 7,,,,,<NU,,,,12.9,1,2024-12-26 09:31:15,DPE,2.0,DPE
CT,2021-01-19,Data 16,,,,,<NU,,,,0.55,1,2024-12-26 09:53:59,DPE,2.0,DPE
CT,2021-01-19,Data 15,,,,,<NU,,,,4.1,1,2024-12-26 09:54:14,DPE,2.0,DPE
CT,2021-01-19,Data 14,,,,,<NU,,,,0.17,1,2024-12-26 09:49:42,DPE,2.0,DPE
CT,2021-01-19,Data 12,,,,,<NU,,,,10.0,1,2024-12-26 09:48:06,DPE,2.0,DPE
CT,2021-01-19,Data 17,,,,CAL,<NU,,,,266.100006,1,2024-12-26 10:40:16,DPE,4.0,DPE
CT,2021-01-19,Data 18,,,,,,,,,0.953763,0,2024-12-26 11:31:00,,,DPE
CT,2021-01-19,Data 19,,,,,,,,,1.0,0,2024-12-26 11:33:00,,,DPE
CT,2021-01-19,Data 23,,,,,,,,,38.707607,0,2024-12-26 13:10:00,,,DPE
CT,2021-01-19,Data 24,,,,,,,,,5.192484,0,2024-12-26 13:10:00,,,DPE
CT,2021-01-19,Data 21,,,,,,,,,0.0,0,2024-12-26 13:10:00,,,DPE
CT,2021-01-19,Data 20,,,,,,,,,121.787354,0,2024-12-26 13:10:00,,,DPE
CT,2021-01-19,Data 22,,,,,,,,,1.60495,0,2024-12-26 13:10:00,,,DPE
CT,2021-01-20,Data 1,,,,,<NU,,,,0.979,1,2024-12-26 09:49:17,DPE,2.0,DPE
CT,2021-01-20,Data 6,,,,,<NU,,,,1.065,1,2024-12-26 09:48:24,DPE,2.0,DPE
TUS,2021-01-20,Data 1,,,,,,,,,0.1168,1,2024-12-26 09:49:01,DPE,3.0,DPE
TUS,2021-01-20,Data 6,,,,,,,,,0.006,1,2024-12-26 09:48:44,DPE,3.0,DPE
CT,2021-01-21,Data 1,,,,,<NU,,,,1.039,1,2024-12-26 09:49:17,DPE,2.0,DPE
CT,2021-01-21,Data 6,,,,,<NU,,,,1.197,1,2024-12-26 09:48:24,DPE,2.0,DPE
CT,2021-01-22,Data 1,,,,,<NU,,,,1.157,1,2024-12-26 09:49:17,DPE,2.0,DPE
CT,2021-01-22,Data 6,,,,,<NU,,,,1.291,1,2024-12-26 09:48:24,DPE,2.0,DPE
CT,2021-01-23,Data 1,,,,,<NU,,,,1.191,1,2024-12-26 09:49:17,DPE,2.0,DPE
CT,2021-01-23,Data 6,,,,,<NU,,,,1.247,1,2024-12-26 09:48:24,DPE,2.0,DPE
CT,2021-01-24,Data 1,,,,,<NU,,,,1.233,1,2024-12-26 09:49:17,DPE,2.0,DPE
CT,2021-01-24,Data 6,,,,,<NU,,,,1.284,1,2024-12-26 09:48:24,DPE,2.0,DPE
CT,2021-01-25,Data 1,,,,,<NU,,,,1.099,1,2024-12-26 09:49:17,DPE,2.0,DPE
CT,2021-01-25,Data 6,,,,,<NU,,,,1.228,1,2024-12-26 09:48:24,DPE,2.0,DPE
TUS,2021-01-25,Data 1,,,,,,,,,0.0534,1,2024-12-26 09:49:01,DPE,3.0,DPE
TUS,2021-01-25,Data 6,,,,,,,,,0.026,1,2024-12-26 09:48:44,DPE,3.0,DPE
CT,2021-01-26,Data 11,,,,,<NU,,,,9.3,1,2024-12-26 09:47:21,DPE,2.0,DPE
CT,2021-01-26,Data 8,,,,,<NU,,,,6.0,1,2024-12-26 09:32:35,DPE,2.0,DPE
CT,2021-01-26,Data 7,,,,,<NU,,,,5.9,1,2024-12-26 09:31:15,DPE,2.0,DPE
CT,2021-01-26,Data 16,,,,,<NU,,,,0.62,1,2024-12-26 09:53:59,DPE,2.0,DPE
CT,2021-01-26,Data 15,,,,,<NU,,,,5.2,1,2024-12-26 09:54:14,DPE,2.0,DPE
CT,2021-01-26,Data 14,,,,,<NU,,,,0.67,1,2024-12-26 09:49:42,DPE,2.0,DPE
CT,2021-01-26,Data 12,,,,,<NU,,,,10.0,1,2024-12-26 09:48:06,DPE,2.0,DPE
CT,2021-01-26,Data 1,,,,,<NU,,,,0.96,1,2024-12-26 09:49:17,DPE,2.0,DPE
CT,2021-01-26,Data 6,,,,,<NU,,,,1.089,1,2024-12-26 09:48:24,DPE,2.0,DPE
CT,2021-01-26,Data 4,,,,,<NU,,,,11.2,1,2024-12-26 09:52:22,DPE,2.0,DPE
CT,2021-01-26,Data 5,,,,,<NU,,,,7.55,1,2024-12-26 09:51:30,DPE,2.0,DPE
CT,2021-01-26,Data 3,,,,,<NU,,,,155.0,1,2024-12-26 09:32:49,DPE,2.0,DPE
CT,2021-01-26,Data 2,,,,,<NU,,,,139.0,1,2024-12-26 09:30:58,DPE,2.0,DPE
CT,2021-01-26,Data 9,,,,,<NU,,,,12.1,1,2024-12-26 09:52:34,DPE,2.0,DPE
CT,2021-01-26,Data 10,,,,,<NU,,,,7.59,1,2024-12-26 09:51:09,DPE,2.0,DPE
TUS,2021-01-26,Data 1,,,,,,,,,0.1057,1,2024-12-26 09:49:01,DPE,3.0,DPE
TUS,2021-01-26,Data 6,,,,,,,,,0.077,1,2024-12-26 09:48:44,DPE,3.0,DPE
TUS,2021-01-26,Data 4,,,,,,,,,13.9,1,2024-12-26 09:52:07,DPE,3.0,DPE
TUS,2021-01-26,Data 5,,,,,,,,,8.09,1,2024-12-26 09:51:42,DPE,3.0,DPE
TUS,2021-01-26,Data 3,,,,,,,,,308.0,1,2024-12-26 09:32:04,DPE,3.0,DPE
TUS,2021-01-26,Data 2,,,,,,,,,176.0,1,2024-12-26 09:31:49,DPE,3.0,DPE
TUS,2021-01-26,Data 9,,,,,,,,,8.6,1,2024-12-26 09:52:50,DPE,3.0,DPE
TUS,2021-01-26,Data 10,,,,,,,,,7.75,1,2024-12-26 09:50:52,DPE,3.0,DPE
TUS,2021-01-26,Data 11,,,,,,,,,8.56,1,2024-12-26 09:47:35,DPE,3.0,DPE
TUS,2021-01-26,Data 8,,,,,,,,,4.0,1,2024-12-26 09:32:14,DPE,3.0,DPE
TUS,2021-01-26,Data 7,,,,,,,,,9.9,1,2024-12-26 09:31:34,DPE,3.0,DPE
TUS,2021-01-26,Data 16,,,,,,,,,5.1,1,2024-12-26 09:53:42,DPE,3.0,DPE
TUS,2021-01-26,Data 15,,,,,,,,,14.0,1,2024-12-26 09:54:27,DPE,3.0,DPE
TUS,2021-01-26,Data 14,,,,,,,,,7.5,1,2024-12-26 09:50:20,DPE,3.0,DPE
TUS,2021-01-26,Data 12,,,,,,,,,10.0,1,2024-12-26 09:47:48,DPE,3.0,DPE
CT,2021-01-26,Data 17,,,,CAL,<NU,,,,133.100006,1,2024-12-26 10:40:16,DPE,4.0,DPE
TUS,2021-01-26,Data 17,,,,CAL,,,,,166.100006,1,2024-12-26 10:40:16,DPE,4.0,DPE
TUS,2021-01-26,Data 19,,,,,,,,,0.987013,0,2024-12-26 11:33:00,,,DPE
CT,2021-01-26,Data 18,,,,,,,,,0.957554,0,2024-12-26 11:31:00,,,DPE
CT,2021-01-26,Data 19,,,,,,,,,0.96129,0,2024-12-26 11:33:00,,,DPE
TUS,2021-01-26,Data 18,,,,,,,,,0.94375,0,2024-12-26 11:31:00,,,DPE
CT,2021-01-26,Data 22,,,,,,,,,6.085114,0,2024-12-26 13:10:00,,,DPE
CT,2021-01-26,Data 23,,,,,,,,,47.227753,0,2024-12-26 13:10:00,,,DPE
CT,2021-01-26,Data 24,,,,,,,,,5.631001,0,2024-12-26 13:10:00,,,DPE
CT,2021-01-26,Data 21,,,,,,,,,54.493561,0,2024-12-26 13:10:00,,,DPE
CT,2021-01-26,Data 20,,,,,,,,,53.585335,0,2024-12-26 13:10:00,,,DPE
TUS,2021-01-26,Data 22,,,,,,,,,4.81635,0,2024-12-26 13:10:00,,,DPE
TUS,2021-01-26,Data 23,,,,,,,,,8.99052,0,2024-12-26 13:10:00,,,DPE
TUS,2021-01-26,Data 24,,,,,,,,,3.275118,0,2024-12-26 13:10:00,,,DPE
TUS,2021-01-26,Data 21,,,,,,,,,2.56872,0,2024-12-26 13:10:00,,,DPE
TUS,2021-01-26,Data 20,,,,,,,,,6.357582,0,2024-12-26 13:10:00,,,DPE
CT,2021-01-27,Data 1,,,,,<NU,,,,0.22,1,2024-12-26 09:49:17,DPE,2.0,DPE
CT,2021-01-27,Data 6,,,,,<NU,,,,0.217,1,2024-12-26 09:48:24,DPE,2.0,DPE
TUS,2021-01-27,Data 1,,,,,,,,,0.1128,1,2024-12-26 09:49:01,DPE,3.0,DPE
TUS,2021-01-27,Data 6,,,,,,,,,0.082,1,2024-12-26 09:48:44,DPE,3.0,DPE
CT,2021-01-28,Data 1,,,,,<NU,,,,0.22,1,2024-12-26 09:49:17,DPE,2.0,DPE
CT,2021-01-28,Data 6,,,,,<NU,,,,0.217,1,2024-12-26 09:48:24,DPE,2.0,DPE
TUS,2021-01-28,Data 1,,,,,,,,,0.1188,1,2024-12-26 09:49:01,DPE,3.0,DPE
TUS,2021-01-28,Data 6,,,,,,,,,0.083,1,2024-12-26 09:48:44,DPE,3.0,DPE
CT,2021-01-29,Data 1,,,,,<NU,,,,0.671,1,2024-12-26 09:49:17,DPE,2.0,DPE
CT,2021-01-29,Data 6,,,,,<NU,,,,0.762,1,2024-12-26 09:48:24,DPE,2.0,DPE
TUS,2021-01-29,Data 1,,,,,,,,,0.1229,1,2024-12-26 09:49:01,DPE,3.0,DPE
TUS,2021-01-29,Data 6,,,,,,,,,0.083,1,2024-12-26 09:48:44,DPE,3.0,DPE
CT,2021-01-30,Data 1,,,,,<NU,,,,0.973,1,2024-12-26 09:49:17,DPE,2.0,DPE
CT,2021-01-30,Data 6,,,,,<NU,,,,0.984,1,2024-12-26 09:48:24,DPE,2.0,DPE
TUS,2021-01-30,Data 1,,,,,,,,,0.1208,1,2024-12-26 09:49:01,DPE,3.0,DPE
TUS,2021-01-30,Data 6,,,,,,,,,0.083,1,2024-12-26 09:48:44,DPE,3.0,DPE
CT,2021-01-31,Data 1,,,,,<NU,,,,0.934,1,2024-12-26 09:49:17,DPE,2.0,DPE
CT,2021-01-31,Data 6,,,,,<NU,,,,0.952,1,2024-12-26 09:48:24,DPE,2.0,DPE
TUS,2021-01-31,Data 1,,,,,,,,,0.1289,1,2024-12-26 09:49:01,DPE,3.0,DPE
TUS,2021-01-31,Data 6,,,,,,,,,0.084,1,2024-12-26 09:48:44,DPE,3.0,DPE
CT,2021-02-01,Data 1,,,,,<NU,,,,0.941,1,2024-12-26 09:49:17,DPE,2.0,DPE
CT,2021-02-01,Data 6,,,,,<NU,,,,1.047,1,2024-12-26 09:48:24,DPE,2.0,DPE
TUS,2021-02-01,Data 1,,,,,,,,,0.142,1,2024-12-26 09:49:01,DPE,3.0,DPE
TUS,2021-02-01,Data 6,,,,,,,,,0.0937,1,2024-12-26 09:48:44,DPE,3.0,DPE
CT,2021-02-02,Data 1,,,,,<NU,,,,0.973,1,2024-12-26 09:49:17,DPE,2.0,DPE
CT,2021-02-02,Data 6,,,,,<NU,,,,1.084,1,2024-12-26 09:48:24,DPE,2.0,DPE
CT,2021-02-02,Data 4,,,,,<NU,,,,10.9,1,2024-12-26 09:52:22,DPE,2.0,DPE
CT,2021-02-02,Data 5,,,,,<NU,,,,7.88,1,2024-12-26 09:51:30,DPE,2.0,DPE
CT,2021-02-02,Data 3,,,,,<NU,,,,232.0,1,2024-12-26 09:32:49,DPE,2.0,DPE
CT,2021-02-02,Data 2,,,,,<NU,,,,271.0,1,2024-12-26 09:30:58,DPE,2.0,DPE
CT,2021-02-02,Data 9,,,,,<NU,,,,10.8,1,2024-12-26 09:52:34,DPE,2.0,DPE
CT,2021-02-02,Data 10,,,,,<NU,,,,7.43,1,2024-12-26 09:51:09,DPE,2.0,DPE
CT,2021-02-02,Data 11,,,,,<NU,,,,8.86,1,2024-12-26 09:47:21,DPE,2.0,DPE
CT,2021-02-02,Data 8,,,,,<NU,,,,8.0,1,2024-12-26 09:32:35,DPE,2.0,DPE
CT,2021-02-02,Data 7,,,,,<NU,,,,5.1,1,2024-12-26 09:31:15,DPE,2.0,DPE
CT,2021-02-02,Data 16,,,,,<NU,,,,0.39,1,2024-12-26 09:53:59,DPE,2.0,DPE
CT,2021-02-02,Data 15,,,,,<NU,,,,15.2,1,2024-12-26 09:54:14,DPE,2.0,DPE
CT,2021-02-02,Data 14,,,,,<NU,,,,0.65,1,2024-12-26 09:49:42,DPE,2.0,DPE
CT,2021-02-02,Data 12,,,,,<NU,,,,10.0,1,2024-12-26 09:48:06,DPE,2.0,DPE
TUS,2021-02-02,Data 1,,,,,,,,,0.1138,1,2024-12-26 09:49:01,DPE,3.0,DPE
TUS,2021-02-02,Data 6,,,,,,,,,0.0796,1,2024-12-26 09:48:44,DPE,3.0,DPE
TUS,2021-02-02,Data 4,,,,,,,,,11.6,1,2024-12-26 09:52:07,DPE,3.0,DPE
TUS,2021-02-02,Data 5,,,,,,,,,7.47,1,2024-12-26 09:51:42,DPE,3.0,DPE
TUS,2021-02-02,Data 3,,,,,,,,,298.0,1,2024-12-26 09:32:04,DPE,3.0,DPE
TUS,2021-02-02,Data 2,,,,,,,,,654.0,1,2024-12-26 09:31:49,DPE,3.0,DPE
TUS,2021-02-02,Data 9,,,,,,,,,9.7,1,2024-12-26 09:52:50,DPE,3.0,DPE
TUS,2021-02-02,Data 10,,,,,,,,,7.49,1,2024-12-26 09:50:52,DPE,3.0,DPE
TUS,2021-02-02,Data 11,,,,,,,,,8.01,1,2024-12-26 09:47:35,DPE,3.0,DPE
TUS,2021-02-02,Data 8,,,,,,,,,4.0,1,2024-12-26 09:32:14,DPE,3.0,DPE
TUS,2021-02-02,Data 7,,,,,,,,,27.0,1,2024-12-26 09:31:34,DPE,3.0,DPE
TUS,2021-02-02,Data 16,,,,,,,,,4.2,1,2024-12-26 09:53:42,DPE,3.0,DPE
TUS,2021-02-02,Data 15,,,,,,,,,50.700001,1,2024-12-26 09:54:27,DPE,3.0,DPE
TUS,2021-02-02,Data 14,,,,,,,,,37.900002,1,2024-12-26 09:50:20,DPE,3.0,DPE
TUS,2021-02-02,Data 12,,,,,,,,,10.0,1,2024-12-26 09:47:48,DPE,3.0,DPE
TUS,2021-02-02,Data 17,,,,CAL,,,,,627.0,1,2024-12-26 10:40:16,DPE,4.0,DPE
CT,2021-02-02,Data 17,,,,CAL,<NU,,,,265.899994,1,2024-12-26 10:40:16,DPE,4.0,DPE
TUS,2021-02-02,Data 19,,,,,,,,,0.986577,0,2024-12-26 11:33:00,,,DPE
TUS,2021-02-02,Data 18,,,,,,,,,0.958716,0,2024-12-26 11:31:00,,,DPE
CT,2021-02-02,Data 19,,,,,,,,,0.965517,0,2024-12-26 11:33:00,,,DPE
CT,2021-02-02,Data 18,,,,,,,,,0.981181,0,2024-12-26 11:31:00,,,DPE
CT,2021-02-02,Data 22,,,,,,,,,5.876364,0,2024-12-26 13:10:00,,,DPE
CT,2021-02-02,Data 23,,,,,,,,,137.416519,0,2024-12-26 13:10:00,,,DPE
CT,2021-02-02,Data 24,,,,,,,,,3.525818,0,2024-12-26 13:10:00,,,DPE
CT,2021-02-02,Data 21,,,,,,,,,72.324478,0,2024-12-26 13:10:00,,,DPE
CT,2021-02-02,Data 20,,,,,,,,,46.106857,0,2024-12-26 13:10:00,,,DPE
TUS,2021-02-02,Data 22,,,,,,,,,25.160446,0,2024-12-26 13:10:00,,,DPE
TUS,2021-02-02,Data 23,,,,,,,,,33.657906,0,2024-12-26 13:10:00,,,DPE
TUS,2021-02-02,Data 24,,,,,,,,,2.788229,0,2024-12-26 13:10:00,,,DPE
TUS,2021-02-02,Data 21,,,,,,,,,2.655456,0,2024-12-26 13:10:00,,,DPE
TUS,2021-02-02,Data 20,,,,,,,,,17.924328,0,2024-12-26 13:10:00,,,DPE
CT,2021-02-03,Data 1,,,,,<NU,,,,1.061,1,2024-12-26 09:49:17,DPE,2.0,DPE
CT,2021-02-03,Data 6,,,,,<NU,,,,1.239,1,2024-12-26 09:48:24,DPE,2.0,DPE
TUS,2021-02-03,Data 1,,,,,,,,,0.0222,1,2024-12-26 09:49:01,DPE,3.0,DPE
TUS,2021-02-03,Data 6,,,,,,,,,0.002,1,2024-12-26 09:48:44,DPE,3.0,DPE
CT,2021-02-04,Data 1,,,,,<NU,,,,1.089,1,2024-12-26 09:49:17,DPE,2.0,DPE
CT,2021-02-04,Data 6,,,,,<NU,,,,1.216,1,2024-12-26 09:48:24,DPE,2.0,DPE
TUS,2021-02-04,Data 1,,,,,,,,,0.0,1,2024-12-26 09:49:01,DPE,3.0,DPE
TUS,2021-02-04,Data 6,,,,,,,,,0.0,1,2024-12-26 09:48:44,DPE,3.0,DPE
CT,2021-02-05,Data 1,,,,,<NU,,,,1.16,1,2024-12-26 09:49:17,DPE,2.0,DPE
CT,2021-02-05,Data 6,,,,,<NU,,,,1.195,1,2024-12-26 09:48:24,DPE,2.0,DPE
TUS,2021-02-05,Data 1,,,,,,,,,0.0,1,2024-12-26 09:49:01,DPE,3.0,DPE
TUS,2021-02-05,Data 6,,,,,,,,,0.0,1,2024-12-26 09:48:44,DPE,3.0,DPE
CT,2021-02-06,Data 1,,,,,<NU,,,,1.209,1,2024-12-26 09:49:17,DPE,2.0,DPE
CT,2021-02-06,Data 6,,,,,<NU,,,,1.258,1,2024-12-26 09:48:24,DPE,2.0,DPE
TUS,2021-02-06,Data 1,,,,,,,,,0.0,1,2024-12-26 09:49:01,DPE,3.0,DPE
TUS,2021-02-06,Data 6,,,,,,,,,0.0,1,2024-12-26 09:48:44,DPE,3.0,DPE
CT,2021-02-07,Data 1,,,,,<NU,,,,1.331,1,2024-12-26 09:49:17,DPE,2.0,DPE
CT,2021-02-07,Data 6,,,,,<NU,,,,1.281,1,2024-12-26 09:48:24,DPE,2.0,DPE
TUS,2021-02-07,Data 1,,,,,,,,,0.0,1,2024-12-26 09:49:01,DPE,3.0,DPE
TUS,2021-02-07,Data 6,,,,,,,,,0.0,1,2024-12-26 09:48:44,DPE,3.0,DPE
CT,2021-02-08,Data 1,,,,,<NU,,,,1.127,1,2024-12-26 09:49:17,DPE,2.0,DPE
CT,2021-02-08,Data 6,,,,,<NU,,,,1.177,1,2024-12-26 09:48:24,DPE,2.0,DPE
TUS,2021-02-08,Data 1,,,,,,,,,0.0624,1,2024-12-26 09:49:01,DPE,3.0,DPE
TUS,2021-02-08,Data 6,,,,,,,,,0.0,1,2024-12-26 09:48:44,DPE,3.0,DPE
CT,2021-02-09,Data 1,,,,,<NU,,,,1.122,1,2024-12-26 09:49:17,DPE,2.0,DPE
CT,2021-02-09,Data 6,,,,,<NU,,,,1.158,1,2024-12-26 09:48:24,DPE,2.0,DPE
CT,2021-02-09,Data 4,,,,,<NU,,,,10.1,1,2024-12-26 09:52:22,DPE,2.0,DPE
CT,2021-02-09,Data 5,,,,,<NU,,,,7.9,1,2024-12-26 09:51:30,DPE,2.0,DPE
CT,2021-02-09,Data 3,,,,,<NU,,,,142.0,1,2024-12-26 09:32:49,DPE,2.0,DPE
CT,2021-02-09,Data 2,,,,,<NU,,,,232.0,1,2024-12-26 09:30:58,DPE,2.0,DPE
CT,2021-02-09,Data 9,,,,,<NU,,,,11.3,1,2024-12-26 09:52:34,DPE,2.0,DPE
CT,2021-02-09,Data 10,,,,,<NU,,,,7.95,1,2024-12-26 09:51:09,DPE,2.0,DPE
CT,2021-02-09,Data 11,,,,,<NU,,,,8.81,1,2024-12-26 09:47:21,DPE,2.0,DPE
CT,2021-02-09,Data 8,,,,,<NU,,,,4.0,1,2024-12-26 09:32:35,DPE,2.0,DPE
CT,2021-02-09,Data 7,,,,,<NU,,,,6.4,1,2024-12-26 09:31:15,DPE,2.0,DPE
CT,2021-02-09,Data 16,,,,,<NU,,,,0.39,1,2024-12-26 09:53:59,DPE,2.0,DPE
CT,2021-02-09,Data 15,,,,,<NU,,,,2.2,1,2024-12-26 09:54:14,DPE,2.0,DPE
CT,2021-02-09,Data 14,,,,,<NU,,,,0.42,1,2024-12-26 09:49:42,DPE,2.0,DPE
CT,2021-02-09,Data 12,,,,,<NU,,,,10.0,1,2024-12-26 09:48:06,DPE,2.0,DPE
TUS,2021-02-09,Data 1,,,,,,,,,0.0685,1,2024-12-26 09:49:01,DPE,3.0,DPE
TUS,2021-02-09,Data 6,,,,,,,,,0.0,1,2024-12-26 09:48:44,DPE,3.0,DPE
CT,2021-02-09,Data 17,,,,CAL,<NU,,,,225.600006,1,2024-12-26 10:40:16,DPE,4.0,DPE
CT,2021-02-09,Data 19,,,,,,,,,0.971831,0,2024-12-26 11:33:00,,,DPE
CT,2021-02-09,Data 18,,,,,,,,,0.972414,0,2024-12-26 11:31:00,,,DPE
CT,2021-02-09,Data 22,,,,,,,,,4.056242,0,2024-12-26 13:10:00,,,DPE
CT,2021-02-09,Data 23,,,,,,,,,21.246984,0,2024-12-26 13:10:00,,,DPE
CT,2021-02-09,Data 24,,,,,,,,,3.766511,0,2024-12-26 13:10:00,,,DPE
CT,2021-02-09,Data 21,,,,,,,,,38.630878,0,2024-12-26 13:10:00,,,DPE
CT,2021-02-09,Data 20,,,,,,,,,61.809406,0,2024-12-26 13:10:00,,,DPE
CT,2021-02-10,Data 1,,,,,<NU,,,,1.094,1,2024-12-26 09:49:17,DPE,2.0,DPE
CT,2021-02-10,Data 6,,,,,<NU,,,,1.145,1,2024-12-26 09:48:24,DPE,2.0,DPE
TUS,2021-02-10,Data 1,,,,,,,,,0.1047,1,2024-12-26 09:49:01,DPE,3.0,DPE
TUS,2021-02-10,Data 6,,,,,,,,,0.0332,1,2024-12-26 09:48:44,DPE,3.0,DPE
CT,2021-02-11,Data 1,,,,,<NU,,,,1.046,1,2024-12-26 09:49:17,DPE,2.0,DPE
CT,2021-02-11,Data 6,,,,,<NU,,,,1.113,1,2024-12-26 09:48:24,DPE,2.0,DPE
TUS,2021-02-11,Data 1,,,,,,,,,0.1017,1,2024-12-26 09:49:01,DPE,3.0,DPE
TUS,2021-02-11,Data 6,,,,,,,,,0.0685,1,2024-12-26 09:48:44,DPE,3.0,DPE
CT,2021-02-12,Data 1,,,,,<NU,,,,1.042,1,2024-12-26 09:49:17,DPE,2.0,DPE
CT,2021-02-12,Data 6,,,,,<NU,,,,1.083,1,2024-12-26 09:48:24,DPE,2.0,DPE
TUS,2021-02-12,Data 1,,,,,,,,,0.1098,1,2024-12-26 09:49:01,DPE,3.0,DPE
TUS,2021-02-12,Data 6,,,,,,,,,0.0745,1,2024-12-26 09:48:44,DPE,3.0,DPE
CT,2021-02-13,Data 1,,,,,<NU,,,,1.032,1,2024-12-26 09:49:17,DPE,2.0,DPE
CT,2021-02-13,Data 6,,,,,<NU,,,,1.064,1,2024-12-26 09:48:24,DPE,2.0,DPE
TUS,2021-02-13,Data 1,,,,,,,,,0.138,1,2024-12-26 09:49:01,DPE,3.0,DPE
TUS,2021-02-13,Data 6,,,,,,,,,0.0997,1,2024-12-26 09:48:44,DPE,3.0,DPE
CT,2021-02-14,Data 1,,,,,<NU,,,,1.083,1,2024-12-26 09:49:17,DPE,2.0,DPE
CT,2021-02-14,Data 6,,,,,<NU,,,,1.113,1,2024-12-26 09:48:24,DPE,2.0,DPE
TUS,2021-02-14,Data 1,,,,,,,,,0.1561,1,2024-12-26 09:49:01,DPE,3.0,DPE
TUS,2021-02-14,Data 6,,,,,,,,,0.1158,1,2024-12-26 09:48:44,DPE,3.0,DPE
CT,2021-02-15,Data 1,,,,,<NU,,,,1.048,1,2024-12-26 09:49:17,DPE,2.0,DPE
CT,2021-02-15,Data 6,,,,,<NU,,,,1.172,1,2024-12-26 09:48:24,DPE,2.0,DPE
TUS,2021-02-15,Data 1,,,,,,,,,0.1631,1,2024-12-26 09:49:01,DPE,3.0,DPE
TUS,2021-02-15,Data 6,,,,,,,,,0.1259,1,2024-12-26 09:48:44,DPE,3.0,DPE
CT,2021-02-16,Data 1,,,,,<NU,,,,1.114,1,2024-12-26 09:49:17,DPE,2.0,DPE
CT,2021-02-16,Data 6,,,,,<NU,,,,1.265,1,2024-12-26 09:48:24,DPE,2.0,DPE
CT,2021-02-16,Data 4,,,,,<NU,,,,11.2,1,2024-12-26 09:52:22,DPE,2.0,DPE
CT,2021-02-16,Data 5,,,,,<NU,,,,8.02,1,2024-12-26 09:51:30,DPE,2.0,DPE
CT,2021-02-16,Data 3,,,,,<NU,,,,121.0,1,2024-12-26 09:32:49,DPE,2.0,DPE
CT,2021-02-16,Data 2,,,,,<NU,,,,142.0,1,2024-12-26 09:30:58,DPE,2.0,DPE
CT,2021-02-16,Data 9,,,,,<NU,,,,12.0,1,2024-12-26 09:52:34,DPE,2.0,DPE
CT,2021-02-16,Data 10,,,,,<NU,,,,8.29,1,2024-12-26 09:51:09,DPE,2.0,DPE
CT,2021-02-16,Data 11,,,,,<NU,,,,8.0,1,2024-12-26 09:47:21,DPE,2.0,DPE
CT,2021-02-16,Data 8,,,,,<NU,,,,8.0,1,2024-12-26 09:32:35,DPE,2.0,DPE
CT,2021-02-16,Data 7,,,,,<NU,,,,13.9,1,2024-12-26 09:31:15,DPE,2.0,DPE
CT,2021-02-16,Data 16,,,,,<NU,,,,0.5,1,2024-12-26 09:53:59,DPE,2.0,DPE
CT,2021-02-16,Data 15,,,,,<NU,,,,4.5,1,2024-12-26 09:54:14,DPE,2.0,DPE
CT,2021-02-16,Data 14,,,,,<NU,,,,0.44,1,2024-12-26 09:49:42,DPE,2.0,DPE
CT,2021-02-16,Data 12,,,,,<NU,,,,31.0,1,2024-12-26 09:48:06,DPE,2.0,DPE
TUS,2021-02-16,Data 1,,,,,,,,,0.1541,1,2024-12-26 09:49:01,DPE,3.0,DPE
TUS,2021-02-16,Data 6,,,,,,,,,0.1208,1,2024-12-26 09:48:44,DPE,3.0,DPE
TUS,2021-02-16,Data 16,,,,,,,,,0.11,1,2024-12-26 09:53:42,DPE,3.0,DPE
TUS,2021-02-16,Data 15,,,,,,,,,1.9,1,2024-12-26 09:54:27,DPE,3.0,DPE
TUS,2021-02-16,Data 14,,,,,,,,,0.12,1,2024-12-26 09:50:20,DPE,3.0,DPE
CT,2021-02-16,Data 17,,,,CAL,<NU,,,,128.100006,1,2024-12-26 10:40:16,DPE,4.0,DPE
CT,2021-02-16,Data 18,,,,,,,,,0.902113,0,2024-12-26 11:31:00,,,DPE
CT,2021-02-16,Data 19,,,,,,,,,0.933884,0,2024-12-26 11:33:00,,,DPE
CT,2021-02-16,Data 22,,,,,,,,,4.642044,0,2024-12-26 13:10:00,,,DPE
CT,2021-02-16,Data 23,,,,,,,,,47.475449,0,2024-12-26 13:10:00,,,DPE
CT,2021-02-16,Data 24,,,,,,,,,5.27505,0,2024-12-26 13:10:00,,,DPE
CT,2021-02-16,Data 21,,,,,,,,,84.400803,0,2024-12-26 13:10:00,,,DPE
CT,2021-02-16,Data 20,,,,,,,,,146.646393,0,2024-12-26 13:10:00,,,DPE
TUS,2021-02-16,Data 22,,,,,,,,,0.120897,0,2024-12-26 13:10:00,,,DPE
TUS,2021-02-16,Data 23,,,,,,,,,1.914197,0,2024-12-26 13:10:00,,,DPE
TUS,2021-02-16,Data 24,,,,,,,,,0.110822,0,2024-12-26 13:10:00,,,DPE
CT,2021-02-17,Data 1,,,,,<NU,,,,1.018,1,2024-12-26 09:49:17,DPE,2.0,DPE
CT,2021-02-17,Data 6,,,,,<NU,,,,1.088,1,2024-12-26 09:48:24,DPE,2.0,DPE
TUS,2021-02-17,Data 1,,,,,,,,,0.144,1,2024-12-26 09:49:01,DPE,3.0,DPE
TUS,2021-02-17,Data 6,,,,,,,,,0.1207,1,2024-12-26 09:48:44,DPE,3.0,DPE
CT,2021-02-18,Data 1,,,,,<NU,,,,1.013,1,2024-12-26 09:49:17,DPE,2.0,DPE
CT,2021-02-18,Data 6,,,,,<NU,,,,1.173,1,2024-12-26 09:48:24,DPE,2.0,DPE
TUS,2021-02-18,Data 1,,,,,,,,,0.1611,1,2024-12-26 09:49:01,DPE,3.0,DPE
TUS,2021-02-18,Data 6,,,,,,,,,0.1289,1,2024-12-26 09:48:44,DPE,3.0,DPE
CT,2021-02-19,Data 1,,,,,<NU,,,,1.022,1,2024-12-26 09:49:17,DPE,2.0,DPE
CT,2021-02-19,Data 6,,,,,<NU,,,,1.129,1,2024-12-26 09:48:24,DPE,2.0,DPE
TUS,2021-02-19,Data 1,,,,,,,,,0.138,1,2024-12-26 09:49:01,DPE,3.0,DPE
TUS,2021-02-19,Data 6,,,,,,,,,0.1077,1,2024-12-26 09:48:44,DPE,3.0,DPE
CT,2021-02-20,Data 1,,,,,<NU,,,,1.0188,1,2024-12-26 09:49:17,DPE,2.0,DPE
CT,2021-02-20,Data 6,,,,,<NU,,,,1.08,1,2024-12-26 09:48:24,DPE,2.0,DPE
TUS,2021-02-20,Data 1,,,,,,,,,0.1541,1,2024-12-26 09:49:01,DPE,3.0,DPE
TUS,2021-02-20,Data 6,,,,,,,,,0.1138,1,2024-12-26 09:48:44,DPE,3.0,DPE
CT,2021-02-21,Data 1,,,,,<NU,,,,1.11,1,2024-12-26 09:49:17,DPE,2.0,DPE
CT,2021-02-21,Data 6,,,,,<NU,,,,1.129,1,2024-12-26 09:48:24,DPE,2.0,DPE
TUS,2021-02-21,Data 1,,,,,,,,,0.1581,1,2024-12-26 09:49:01,DPE,3.0,DPE
TUS,2021-02-21,Data 6,,,,,,,,,0.1178,1,2024-12-26 09:48:44,DPE,3.0,DPE
CT,2021-02-22,Data 1,,,,,<NU,,,,1.004,1,2024-12-26 09:49:17,DPE,2.0,DPE
CT,2021-02-22,Data 6,,,,,<NU,,,,1.172,1,2024-12-26 09:48:24,DPE,2.0,DPE
TUS,2021-02-22,Data 1,,,,,,,,,0.1601,1,2024-12-26 09:49:01,DPE,3.0,DPE
TUS,2021-02-22,Data 6,,,,,,,,,0.1239,1,2024-12-26 09:48:44,DPE,3.0,DPE
CT,2021-02-23,Data 3,,,,,<NU,,,,180.0,1,2024-12-26 09:32:49,DPE,2.0,DPE
CT,2021-02-23,Data 2,,,,,<NU,,,,200.0,1,2024-12-26 09:30:58,DPE,2.0,DPE
CT,2021-02-23,Data 9,,,,,<NU,,,,11.5,1,2024-12-26 09:52:34,DPE,2.0,DPE
CT,2021-02-23,Data 10,,,,,<NU,,,,7.39,1,2024-12-26 09:51:09,DPE,2.0,DPE
CT,2021-02-23,Data 11,,,,,<NU,,,,9.42,1,2024-12-26 09:47:21,DPE,2.0,DPE
CT,2021-02-23,Data 8,,,,,<NU,,,,0.0,1,2024-12-26 09:32:35,DPE,2.0,DPE
CT,2021-02-23,Data 7,,,,,<NU,,,,8.1,1,2024-12-26 09:31:15,DPE,2.0,DPE
CT,2021-02-23,Data 16,,,,,<NU,,,,0.49,1,2024-12-26 09:53:59,DPE,2.0,DPE
CT,2021-02-23,Data 15,,,,,<NU,,,,2.2,1,2024-12-26 09:54:14,DPE,2.0,DPE
CT,2021-02-23,Data 14,,,,,<NU,,,,0.73,1,2024-12-26 09:49:42,DPE,2.0,DPE
CT,2021-02-23,Data 12,,,,,<NU,,,,10.0,1,2024-12-26 09:48:06,DPE,2.0,DPE
CT,2021-02-23,Data 1,,,,,<NU,,,,1.25,1,2024-12-26 09:49:17,DPE,2.0,DPE
CT,2021-02-23,Data 6,,,,,<NU,,,,1.373,1,2024-12-26 09:48:24,DPE,2.0,DPE
CT,2021-02-23,Data 4,,,,,<NU,,,,10.3,1,2024-12-26 09:52:22,DPE,2.0,DPE
CT,2021-02-23,Data 5,,,,,<NU,,,,7.56,1,2024-12-26 09:51:30,DPE,2.0,DPE
TUS,2021-02-23,Data 15,,,,,,,,,8.6,1,2024-12-26 09:54:27,DPE,3.0,DPE
TUS,2021-02-23,Data 14,,,,,,,,,0.044,1,2024-12-26 09:50:20,DPE,3.0,DPE
TUS,2021-02-23,Data 1,,,,,,,,,0.14,1,2024-12-26 09:49:01,DPE,3.0,DPE
TUS,2021-02-23,Data 6,,,,,,,,,0.1068,1,2024-12-26 09:48:44,DPE,3.0,DPE
TUS,2021-02-23,Data 16,,,,,,,,,1.2,1,2024-12-26 09:53:42,DPE,3.0,DPE
CT,2021-02-23,Data 17,,,,CAL,<NU,,,,191.899994,1,2024-12-26 10:40:16,DPE,4.0,DPE
CT,2021-02-23,Data 18,,,,,,,,,0.9595,0,2024-12-26 11:31:00,,,DPE
CT,2021-02-23,Data 19,,,,,,,,,1.0,0,2024-12-26 11:33:00,,,DPE
CT,2021-02-23,Data 22,,,,,,,,,8.359098,0,2024-12-26 13:10:00,,,DPE
CT,2021-02-23,Data 23,,,,,,,,,25.191805,0,2024-12-26 13:10:00,,,DPE
CT,2021-02-23,Data 24,,,,,,,,,5.610902,0,2024-12-26 13:10:00,,,DPE
CT,2021-02-23,Data 21,,,,,,,,,0.0,0,2024-12-26 13:10:00,,,DPE
CT,2021-02-23,Data 20,,,,,,,,,92.75164,0,2024-12-26 13:10:00,,,DPE
TUS,2021-02-23,Data 22,,,,,,,,,0.039191,0,2024-12-26 13:10:00,,,DPE
TUS,2021-02-23,Data 23,,,,,,,,,7.660123,0,2024-12-26 13:10:00,,,DPE
TUS,2021-02-23,Data 24,,,,,,,,,1.068854,0,2024-12-26 13:10:00,,,DPE
CT,2021-02-24,Data 1,,,,,<NU,,,,1.231,1,2024-12-26 09:49:17,DPE,2.0,DPE
CT,2021-02-24,Data 6,,,,,<NU,,,,1.239,1,2024-12-26 09:48:24,DPE,2.0,DPE
TUS,2021-02-24,Data 1,,,,,,,,,0.148,1,2024-12-26 09:49:01,DPE,3.0,DPE
TUS,2021-02-24,Data 6,,,,,,,,,0.1138,1,2024-12-26 09:48:44,DPE,3.0,DPE
CT,2021-02-25,Data 1,,,,,<NU,,,,1.122,1,2024-12-26 09:49:17,DPE,2.0,DPE
CT,2021-02-25,Data 6,,,,,<NU,,,,1.231,1,2024-12-26 09:48:24,DPE,2.0,DPE
TUS,2021-02-25,Data 1,,,,,,,,,0.1581,1,2024-12-26 09:49:01,DPE,3.0,DPE
TUS,2021-02-25,Data 6,,,,,,,,,0.1208,1,2024-12-26 09:48:44,DPE,3.0,DPE
CT,2021-02-26,Data 1,,,,,<NU,,,,1.037,1,2024-12-26 09:49:17,DPE,2.0,DPE
CT,2021-02-26,Data 6,,,,,<NU,,,,1.161,1,2024-12-26 09:48:24,DPE,2.0,DPE
TUS,2021-02-26,Data 1,,,,,,,,,0.1581,1,2024-12-26 09:49:01,DPE,3.0,DPE
TUS,2021-02-26,Data 6,,,,,,,,,0.1208,1,2024-12-26 09:48:44,DPE,3.0,DPE
CT,2021-02-27,Data 1,,,,,<NU,,,,1.183,1,2024-12-26 09:49:17,DPE,2.0,DPE
CT,2021-02-27,Data 6,,,,,<NU,,,,1.155,1,2024-12-26 09:48:24,DPE,2.0,DPE
TUS,2021-02-27,Data 1,,,,,,,,,0.1561,1,2024-12-26 09:49:01,DPE,3.0,DPE
TUS,2021-02-27,Data 6,,,,,,,,,0.1219,1,2024-12-26 09:48:44,DPE,3.0,DPE
CT,2021-02-28,Data 1,,,,,<NU,,,,1.392,1,2024-12-26 09:49:17,DPE,2.0,DPE
CT,2021-02-28,Data 6,,,,,<NU,,,,1.443,1,2024-12-26 09:48:24,DPE,2.0,DPE
TUS,2021-02-28,Data 1,,,,,,,,,0.1621,1,2024-12-26 09:49:01,DPE,3.0,DPE
TUS,2021-02-28,Data 6,,,,,,,,,0.1309,1,2024-12-26 09:48:44,DPE,3.0,DPE
CT,2021-03-01,Data 1,,,,,<NU,,,,1.123,1,2024-12-26 09:49:17,DPE,2.0,DPE
CT,2021-03-01,Data 6,,,,,<NU,,,,1.03,1,2024-12-26 09:48:24,DPE,2.0,DPE
TUS,2021-03-01,Data 1,,,,,,,,,0.1581,1,2024-12-26 09:49:01,DPE,3.0,DPE
TUS,2021-03-01,Data 6,,,,,,,,,0.1239,1,2024-12-26 09:48:44,DPE,3.0,DPE
CT,2021-03-02,Data 1,,,,,<NU,,,,1.21,1,2024-12-26 09:49:17,DPE,2.0,DPE
CT,2021-03-02,Data 6,,,,,<NU,,,,1.01,1,2024-12-26 09:48:24,DPE,2.0,DPE
CT,2021-03-02,Data 4,,,,,<NU,,,,10.9,1,2024-12-26 09:52:22,DPE,2.0,DPE
CT,2021-03-02,Data 5,,,,,<NU,,,,7.32,1,2024-12-26 09:51:30,DPE,2.0,DPE
CT,2021-03-02,Data 3,,,,,<NU,,,,700.0,1,2024-12-26 09:32:49,DPE,2.0,DPE
CT,2021-03-02,Data 2,,,,,<NU,,,,315.0,1,2024-12-26 09:30:58,DPE,2.0,DPE
CT,2021-03-02,Data 9,,,,,<NU,,,,11.4,1,2024-12-26 09:52:34,DPE,2.0,DPE
CT,2021-03-02,Data 10,,,,,<NU,,,,7.45,1,2024-12-26 09:51:09,DPE,2.0,DPE
CT,2021-03-02,Data 11,,,,,<NU,,,,8.7,1,2024-12-26 09:47:21,DPE,2.0,DPE
CT,2021-03-02,Data 8,,,,,<NU,,,,4.0,1,2024-12-26 09:32:35,DPE,2.0,DPE
CT,2021-03-02,Data 7,,,,,<NU,,,,11.9,1,2024-12-26 09:31:15,DPE,2.0,DPE
CT,2021-03-02,Data 16,,,,,<NU,,,,0.49,1,2024-12-26 09:53:59,DPE,2.0,DPE
CT,2021-03-02,Data 15,,,,,<NU,,,,2.4,1,2024-12-26 09:54:14,DPE,2.0,DPE
CT,2021-03-02,Data 14,,,,,<NU,,,,0.63,1,2024-12-26 09:49:42,DPE,2.0,DPE
CT,2021-03-02,Data 12,,,,,<NU,,,,10.0,1,2024-12-26 09:48:06,DPE,2.0,DPE
TUS,2021-03-02,Data 1,,,,,,,,,0.1903,1,2024-12-26 09:49:01,DPE,3.0,DPE
TUS,2021-03-02,Data 6,,,,,,,,,0.149,1,2024-12-26 09:48:44,DPE,3.0,DPE
TUS,2021-03-02,Data 4,,,,,,,,,11.1,1,2024-12-26 09:52:07,DPE,3.0,DPE
TUS,2021-03-02,Data 5,,,,,,,,,8.21,1,2024-12-26 09:51:42,DPE,3.0,DPE
TUS,2021-03-02,Data 3,,,,,,,,,98.0,1,2024-12-26 09:32:04,DPE,3.0,DPE
TUS,2021-03-02,Data 2,,,,,,,,,144.0,1,2024-12-26 09:31:49,DPE,3.0,DPE
TUS,2021-03-02,Data 9,,,,,,,,,10.4,1,2024-12-26 09:52:50,DPE,3.0,DPE
TUS,2021-03-02,Data 10,,,,,,,,,8.02,1,2024-12-26 09:50:52,DPE,3.0,DPE
TUS,2021-03-02,Data 11,,,,,,,,,8.46,1,2024-12-26 09:47:35,DPE,3.0,DPE
TUS,2021-03-02,Data 8,,,,,,,,,4.0,1,2024-12-26 09:32:14,DPE,3.0,DPE
TUS,2021-03-02,Data 7,,,,,,,,,2.0,1,2024-12-26 09:31:34,DPE,3.0,DPE
TUS,2021-03-02,Data 16,,,,,,,,,4.9,1,2024-12-26 09:53:42,DPE,3.0,DPE
TUS,2021-03-02,Data 15,,,,,,,,,2.3,1,2024-12-26 09:54:27,DPE,3.0,DPE
TUS,2021-03-02,Data 14,,,,,,,,,0.0,1,2024-12-26 09:50:20,DPE,3.0,DPE
TUS,2021-03-02,Data 12,,,,,,,,,10.0,1,2024-12-26 09:47:48,DPE,3.0,DPE
TUS,2021-03-02,Data 17,,,,CAL,,,,,142.0,1,2024-12-26 10:40:16,DPE,4.0,DPE
CT,2021-03-02,Data 17,,,,CAL,<NU,,,,303.100006,1,2024-12-26 10:40:16,DPE,4.0,DPE
TUS,2021-03-02,Data 19,,,,,,,,,0.959184,0,2024-12-26 11:33:00,,,DPE
TUS,2021-03-02,Data 18,,,,,,,,,0.986111,0,2024-12-26 11:31:00,,,DPE
CT,2021-03-02,Data 19,,,,,,,,,0.994286,0,2024-12-26 11:33:00,,,DPE
CT,2021-03-02,Data 18,,,,,,,,,0.962222,0,2024-12-26 11:31:00,,,DPE
CT,2021-03-02,Data 22,,,,,,,,,5.306742,0,2024-12-26 13:10:00,,,DPE
CT,2021-03-02,Data 23,,,,,,,,,20.21616,0,2024-12-26 13:10:00,,,DPE
CT,2021-03-02,Data 24,,,,,,,,,4.127466,0,2024-12-26 13:10:00,,,DPE
CT,2021-03-02,Data 21,,,,,,,,,33.6936,0,2024-12-26 13:10:00,,,DPE
CT,2021-03-02,Data 20,,,,,,,,,100.238457,0,2024-12-26 13:10:00,,,DPE
TUS,2021-03-02,Data 22,,,,,,,,,0.0,0,2024-12-26 13:10:00,,,DPE
TUS,2021-03-02,Data 23,,,,,,,,,2.858118,0,2024-12-26 13:10:00,,,DPE
TUS,2021-03-02,Data 24,,,,,,,,,6.089034,0,2024-12-26 13:10:00,,,DPE
TUS,2021-03-02,Data 21,,,,,,,,,4.97064,0,2024-12-26 13:10:00,,,DPE
TUS,2021-03-02,Data 20,,,,,,,,,2.48532,0,2024-12-26 13:10:00,,,DPE
CT,2021-03-03,Data 1,,,,,<NU,,,,1.3,1,2024-12-26 09:49:17,DPE,2.0,DPE
CT,2021-03-03,Data 6,,,,,<NU,,,,1.39,1,2024-12-26 09:48:24,DPE,2.0,DPE
TUS,2021-03-03,Data 1,,,,,,,,,0.1913,1,2024-12-26 09:49:01,DPE,3.0,DPE
TUS,2021-03-03,Data 6,,,,,,,,,0.1531,1,2024-12-26 09:48:44,DPE,3.0,DPE
CT,2021-03-04,Data 1,,,,,<NU,,,,1.18,1,2024-12-26 09:49:17,DPE,2.0,DPE
CT,2021-03-04,Data 6,,,,,<NU,,,,1.28,1,2024-12-26 09:48:24,DPE,2.0,DPE
TUS,2021-03-04,Data 1,,,,,,,,,0.1853,1,2024-12-26 09:49:01,DPE,3.0,DPE
TUS,2021-03-04,Data 6,,,,,,,,,0.149,1,2024-12-26 09:48:44,DPE,3.0,DPE
CT,2021-03-05,Data 1,,,,,<NU,,,,1.28,1,2024-12-26 09:49:17,DPE,2.0,DPE
CT,2021-03-05,Data 6,,,,,<NU,,,,1.36,1,2024-12-26 09:48:24,DPE,2.0,DPE
TUS,2021-03-05,Data 1,,,,,,,,,0.1924,1,2024-12-26 09:49:01,DPE,3.0,DPE
TUS,2021-03-05,Data 6,,,,,,,,,0.1511,1,2024-12-26 09:48:44,DPE,3.0,DPE
CT,2021-03-06,Data 1,,,,,<NU,,,,1.02,1,2024-12-26 09:49:17,DPE,2.0,DPE
CT,2021-03-06,Data 6,,,,,<NU,,,,1.21,1,2024-12-26 09:48:24,DPE,2.0,DPE
TUS,2021-03-06,Data 1,,,,,,,,,0.1883,1,2024-12-26 09:49:01,DPE,3.0,DPE
TUS,2021-03-06,Data 6,,,,,,,,,0.1501,1,2024-12-26 09:48:44,DPE,3.0,DPE
CT,2021-03-07,Data 1,,,,,<NU,,,,1.01,1,2024-12-26 09:49:17,DPE,2.0,DPE
CT,2021-03-07,Data 6,,,,,<NU,,,,1.17,1,2024-12-26 09:48:24,DPE,2.0,DPE
TUS,2021-03-07,Data 1,,,,,,,,,0.1863,1,2024-12-26 09:49:01,DPE,3.0,DPE
TUS,2021-03-07,Data 6,,,,,,,,,0.145,1,2024-12-26 09:48:44,DPE,3.0,DPE
CT,2021-03-08,Data 1,,,,,<NU,,,,1.48,1,2024-12-26 09:49:17,DPE,2.0,DPE
CT,2021-03-08,Data 6,,,,,<NU,,,,1.35,1,2024-12-26 09:48:24,DPE,2.0,DPE
TUS,2021-03-08,Data 1,,,,,,,,,0.1853,1,2024-12-26 09:49:01,DPE,3.0,DPE
TUS,2021-03-08,Data 6,,,,,,,,,0.144,1,2024-12-26 09:48:44,DPE,3.0,DPE
CT,2021-03-09,Data 1,,,,,<NU,,,,0.9,1,2024-12-26 09:49:17,DPE,2.0,DPE
CT,2021-03-09,Data 6,,,,,<NU,,,,1.05,1,2024-12-26 09:48:24,DPE,2.0,DPE
CT,2021-03-09,Data 4,,,,,<NU,,,,11.3,1,2024-12-26 09:52:22,DPE,2.0,DPE
CT,2021-03-09,Data 5,,,,,<NU,,,,7.56,1,2024-12-26 09:51:30,DPE,2.0,DPE
CT,2021-03-09,Data 3,,,,,<NU,,,,163.0,1,2024-12-26 09:32:49,DPE,2.0,DPE
CT,2021-03-09,Data 2,,,,,<NU,,,,238.0,1,2024-12-26 09:30:58,DPE,2.0,DPE
CT,2021-03-09,Data 9,,,,,<NU,,,,12.3,1,2024-12-26 09:52:34,DPE,2.0,DPE
CT,2021-03-09,Data 10,,,,,<NU,,,,7.29,1,2024-12-26 09:51:09,DPE,2.0,DPE
CT,2021-03-09,Data 11,,,,,<NU,,,,8.42,1,2024-12-26 09:47:21,DPE,2.0,DPE
CT,2021-03-09,Data 8,,,,,<NU,,,,4.0,1,2024-12-26 09:32:35,DPE,2.0,DPE
CT,2021-03-09,Data 7,,,,,<NU,,,,7.1,1,2024-12-26 09:31:15,DPE,2.0,DPE
CT,2021-03-09,Data 16,,,,,<NU,,,,0.39,1,2024-12-26 09:53:59,DPE,2.0,DPE
CT,2021-03-09,Data 15,,,,,<NU,,,,4.5,1,2024-12-26 09:54:14,DPE,2.0,DPE
CT,2021-03-09,Data 14,,,,,<NU,,,,0.41,1,2024-12-26 09:49:42,DPE,2.0,DPE
CT,2021-03-09,Data 12,,,,,<NU,,,,10.0,1,2024-12-26 09:48:06,DPE,2.0,DPE
TUS,2021-03-09,Data 1,,,,,,,,,0.1964,1,2024-12-26 09:49:01,DPE,3.0,DPE
TUS,2021-03-09,Data 6,,,,,,,,,0.1561,1,2024-12-26 09:48:44,DPE,3.0,DPE
TUS,2021-03-09,Data 16,,,,,,,,,4.8,1,2024-12-26 09:53:42,DPE,3.0,DPE
TUS,2021-03-09,Data 15,,,,,,,,,3.6,1,2024-12-26 09:54:27,DPE,3.0,DPE
TUS,2021-03-09,Data 14,,,,,,,,,0.044,1,2024-12-26 09:50:20,DPE,3.0,DPE
CT,2021-03-09,Data 17,,,,CAL,<NU,,,,230.899994,1,2024-12-26 10:40:16,DPE,4.0,DPE
CT,2021-03-09,Data 19,,,,,,,,,0.97546,0,2024-12-26 11:33:00,,,DPE
CT,2021-03-09,Data 18,,,,,,,,,0.970168,0,2024-12-26 11:31:00,,,DPE
CT,2021-03-09,Data 22,,,,,,,,,3.59037,0,2024-12-26 13:10:00,,,DPE
CT,2021-03-09,Data 23,,,,,,,,,39.406502,0,2024-12-26 13:10:00,,,DPE
CT,2021-03-09,Data 24,,,,,,,,,3.41523,0,2024-12-26 13:10:00,,,DPE
CT,2021-03-09,Data 21,,,,,,,,,35.028,0,2024-12-26 13:10:00,,,DPE
CT,2021-03-09,Data 20,,,,,,,,,62.174702,0,2024-12-26 13:10:00,,,DPE
TUS,2021-03-09,Data 22,,,,,,,,,0.057282,0,2024-12-26 13:10:00,,,DPE
TUS,2021-03-09,Data 23,,,,,,,,,4.686747,0,2024-12-26 13:10:00,,,DPE
TUS,2021-03-09,Data 24,,,,,,,,,6.248995,0,2024-12-26 13:10:00,,,DPE
CT,2021-03-10,Data 1,,,,,<NU,,,,1.04,1,2024-12-26 09:49:17,DPE,2.0,DPE
CT,2021-03-10,Data 6,,,,,<NU,,,,1.06,1,2024-12-26 09:48:24,DPE,2.0,DPE
TUS,2021-03-10,Data 1,,,,,,,,,0.1893,1,2024-12-26 09:49:01,DPE,3.0,DPE
TUS,2021-03-10,Data 6,,,,,,,,,0.1561,1,2024-12-26 09:48:44,DPE,3.0,DPE
CT,2021-03-11,Data 1,,,,,<NU,,,,1.13,1,2024-12-26 09:49:17,DPE,2.0,DPE
CT,2021-03-11,Data 6,,,,,<NU,,,,1.38,1,2024-12-26 09:48:24,DPE,2.0,DPE
TUS,2021-03-11,Data 1,,,,,,,,,0.1742,1,2024-12-26 09:49:01,DPE,3.0,DPE
TUS,2021-03-11,Data 6,,,,,,,,,0.136,1,2024-12-26 09:48:44,DPE,3.0,DPE
CT,2021-03-12,Data 1,,,,,<NU,,,,1.14,1,2024-12-26 09:49:17,DPE,2.0,DPE
CT,2021-03-12,Data 6,,,,,<NU,,,,1.27,1,2024-12-26 09:48:24,DPE,2.0,DPE
TUS,2021-03-12,Data 1,,,,,,,,,0.1944,1,2024-12-26 09:49:01,DPE,3.0,DPE
TUS,2021-03-12,Data 6,,,,,,,,,0.1521,1,2024-12-26 09:48:44,DPE,3.0,DPE
CT,2021-03-13,Data 6,,,,,<NU,,,,1.19,1,2024-12-26 09:48:24,DPE,2.0,DPE
CT,2021-03-13,Data 1,,,,,<NU,,,,1.03,1,2024-12-26 09:49:17,DPE,2.0,DPE
TUS,2021-03-13,Data 1,,,,,,,,,0.1863,1,2024-12-26 09:49:01,DPE,3.0,DPE
TUS,2021-03-13,Data 6,,,,,,,,,0.148,1,2024-12-26 09:48:44,DPE,3.0,DPE
CT,2021-03-14,Data 1,,,,,<NU,,,,1.2,1,2024-12-26 09:49:17,DPE,2.0,DPE
CT,2021-03-14,Data 6,,,,,<NU,,,,1.23,1,2024-12-26 09:48:24,DPE,2.0,DPE
TUS,2021-03-14,Data 1,,,,,,,,,0.1762,1,2024-12-26 09:49:01,DPE,3.0,DPE
TUS,2021-03-14,Data 6,,,,,,,,,0.14,1,2024-12-26 09:48:44,DPE,3.0,DPE
CT,2021-03-15,Data 1,,,,,<NU,,,,0.88,1,2024-12-26 09:49:17,DPE,2.0,DPE
CT,2021-03-15,Data 6,,,,,<NU,,,,0.94,1,2024-12-26 09:48:24,DPE,2.0,DPE
TUS,2021-03-15,Data 1,,,,,,,,,0.1903,1,2024-12-26 09:49:01,DPE,3.0,DPE
TUS,2021-03-15,Data 6,,,,,,,,,0.1501,1,2024-12-26 09:48:44,DPE,3.0,DPE
CT,2021-03-16,Data 1,,,,,<NU,,,,0.86,1,2024-12-26 09:49:17,DPE,2.0,DPE
CT,2021-03-16,Data 6,,,,,<NU,,,,1.03,1,2024-12-26 09:48:24,DPE,2.0,DPE
CT,2021-03-16,Data 4,,,,,<NU,,,,12.2,1,2024-12-26 09:52:22,DPE,2.0,DPE
CT,2021-03-16,Data 5,,,,,<NU,,,,7.72,1,2024-12-26 09:51:30,DPE,2.0,DPE
CT,2021-03-16,Data 3,,,,,<NU,,,,204.0,1,2024-12-26 09:32:49,DPE,2.0,DPE
CT,2021-03-16,Data 2,,,,,<NU,,,,362.0,1,2024-12-26 09:30:58,DPE,2.0,DPE
CT,2021-03-16,Data 9,,,,,<NU,,,,13.3,1,2024-12-26 09:52:34,DPE,2.0,DPE
CT,2021-03-16,Data 10,,,,,<NU,,,,7.87,1,2024-12-26 09:51:09,DPE,2.0,DPE
CT,2021-03-16,Data 11,,,,,<NU,,,,8.87,1,2024-12-26 09:47:21,DPE,2.0,DPE
CT,2021-03-16,Data 8,,,,,<NU,,,,4.0,1,2024-12-26 09:32:35,DPE,2.0,DPE
CT,2021-03-16,Data 7,,,,,<NU,,,,4.0,1,2024-12-26 09:31:15,DPE,2.0,DPE
CT,2021-03-16,Data 16,,,,,<NU,,,,0.46,1,2024-12-26 09:53:59,DPE,2.0,DPE
CT,2021-03-16,Data 15,,,,,<NU,,,,1.9,1,2024-12-26 09:54:14,DPE,2.0,DPE
CT,2021-03-16,Data 14,,,,,<NU,,,,0.3,1,2024-12-26 09:49:42,DPE,2.0,DPE
CT,2021-03-16,Data 12,,,,,<NU,,,,10.0,1,2024-12-26 09:48:06,DPE,2.0,DPE
TUS,2021-03-16,Data 1,,,,,,,,,0.1913,1,2024-12-26 09:49:01,DPE,3.0,DPE
TUS,2021-03-16,Data 6,,,,,,,,,0.1521,1,2024-12-26 09:48:44,DPE,3.0,DPE
TUS,2021-03-16,Data 16,,,,,,,,,4.8,1,2024-12-26 09:53:42,DPE,3.0,DPE
TUS,2021-03-16,Data 15,,,,,,,,,3.6,1,2024-12-26 09:54:27,DPE,3.0,DPE
TUS,2021-03-16,Data 14,,,,,,,,,0.064,1,2024-12-26 09:50:20,DPE,3.0,DPE
CT,2021-03-16,Data 17,,,,CAL,<NU,,,,358.0,1,2024-12-26 10:40:16,DPE,4.0,DPE
CT,2021-03-16,Data 19,,,,,,,,,0.980392,0,2024-12-26 11:33:00,,,DPE
CT,2021-03-16,Data 18,,,,,,,,,0.98895,0,2024-12-26 11:31:00,,,DPE
CT,2021-03-16,Data 22,,,,,,,,,2.57706,0,2024-12-26 13:10:00,,,DPE
CT,2021-03-16,Data 23,,,,,,,,,16.321381,0,2024-12-26 13:10:00,,,DPE
CT,2021-03-16,Data 24,,,,,,,,,3.951492,0,2024-12-26 13:10:00,,,DPE
CT,2021-03-16,Data 21,,,,,,,,,34.360802,0,2024-12-26 13:10:00,,,DPE
CT,2021-03-16,Data 20,,,,,,,,,34.360802,0,2024-12-26 13:10:00,,,DPE
TUS,2021-03-16,Data 22,,,,,,,,,0.081185,0,2024-12-26 13:10:00,,,DPE
TUS,2021-03-16,Data 23,,,,,,,,,4.56665,0,2024-12-26 13:10:00,,,DPE
TUS,2021-03-16,Data 24,,,,,,,,,6.088867,0,2024-12-26 13:10:00,,,DPE
CT,2021-03-17,Data 1,,,,,<NU,,,,0.89,1,2024-12-26 09:49:17,DPE,2.0,DPE
CT,2021-03-17,Data 6,,,,,<NU,,,,1.18,1,2024-12-26 09:48:24,DPE,2.0,DPE
TUS,2021-03-17,Data 1,,,,,,,,,0.1551,1,2024-12-26 09:49:01,DPE,3.0,DPE
TUS,2021-03-17,Data 6,,,,,,,,,0.1269,1,2024-12-26 09:48:44,DPE,3.0,DPE
CT,2021-03-18,Data 1,,,,,<NU,,,,1.0,1,2024-12-26 09:49:17,DPE,2.0,DPE
CT,2021-03-18,Data 6,,,,,<NU,,,,1.11,1,2024-12-26 09:48:24,DPE,2.0,DPE
TUS,2021-03-18,Data 1,,,,,,,,,0.136,1,2024-12-26 09:49:01,DPE,3.0,DPE
TUS,2021-03-18,Data 6,,,,,,,,,0.1088,1,2024-12-26 09:48:44,DPE,3.0,DPE
CT,2021-03-19,Data 1,,,,,<NU,,,,1.08,1,2024-12-26 09:49:17,DPE,2.0,DPE
CT,2021-03-19,Data 6,,,,,<NU,,,,1.15,1,2024-12-26 09:48:24,DPE,2.0,DPE
TUS,2021-03-19,Data 1,,,,,,,,,0.148,1,2024-12-26 09:49:01,DPE,3.0,DPE
TUS,2021-03-19,Data 6,,,,,,,,,0.1118,1,2024-12-26 09:48:44,DPE,3.0,DPE
CT,2021-03-20,Data 1,,,,,<NU,,,,0.95,1,2024-12-26 09:49:17,DPE,2.0,DPE
CT,2021-03-20,Data 6,,,,,<NU,,,,1.12,1,2024-12-26 09:48:24,DPE,2.0,DPE
TUS,2021-03-20,Data 1,,,,,,,,,0.1551,1,2024-12-26 09:49:01,DPE,3.0,DPE
TUS,2021-03-20,Data 6,,,,,,,,,0.1168,1,2024-12-26 09:48:44,DPE,3.0,DPE
CT,2021-03-21,Data 1,,,,,<NU,,,,1.02,1,2024-12-26 09:49:17,DPE,2.0,DPE
CT,2021-03-21,Data 6,,,,,<NU,,,,1.08,1,2024-12-26 09:48:24,DPE,2.0,DPE
TUS,2021-03-21,Data 1,,,,,,,,,0.1591,1,2024-12-26 09:49:01,DPE,3.0,DPE
TUS,2021-03-21,Data 6,,,,,,,,,0.1208,1,2024-12-26 09:48:44,DPE,3.0,DPE
CT,2021-03-22,Data 1,,,,,<NU,,,,1.25,1,2024-12-26 09:49:17,DPE,2.0,DPE
CT,2021-03-22,Data 6,,,,,<NU,,,,1.34,1,2024-12-26 09:48:24,DPE,2.0,DPE
TUS,2021-03-22,Data 1,,,,,,,,,0.1682,1,2024-12-26 09:49:01,DPE,3.0,DPE
TUS,2021-03-22,Data 6,,,,,,,,,0.1289,1,2024-12-26 09:48:44,DPE,3.0,DPE
CT,2021-03-23,Data 1,,,,,<NU,,,,0.98,1,2024-12-26 09:49:17,DPE,2.0,DPE
CT,2021-03-23,Data 6,,,,,<NU,,,,0.95,1,2024-12-26 09:48:24,DPE,2.0,DPE
CT,2021-03-23,Data 4,,,,,<NU,,,,12.3,1,2024-12-26 09:52:22,DPE,2.0,DPE
CT,2021-03-23,Data 5,,,,,<NU,,,,7.71,1,2024-12-26 09:51:30,DPE,2.0,DPE
CT,2021-03-23,Data 3,,,,,<NU,,,,209.0,1,2024-12-26 09:32:49,DPE,2.0,DPE
CT,2021-03-23,Data 2,,,,,<NU,,,,265.0,1,2024-12-26 09:30:58,DPE,2.0,DPE
CT,2021-03-23,Data 9,,,,,<NU,,,,13.3,1,2024-12-26 09:52:34,DPE,2.0,DPE
CT,2021-03-23,Data 10,,,,,<NU,,,,7.87,1,2024-12-26 09:51:09,DPE,2.0,DPE
CT,2021-03-23,Data 11,,,,,<NU,,,,9.94,1,2024-12-26 09:47:21,DPE,2.0,DPE
CT,2021-03-23,Data 8,,,,,<NU,,,,8.0,1,2024-12-26 09:32:35,DPE,2.0,DPE
CT,2021-03-23,Data 7,,,,,<NU,,,,8.3,1,2024-12-26 09:31:15,DPE,2.0,DPE
CT,2021-03-23,Data 16,,,,,<NU,,,,0.6,1,2024-12-26 09:53:59,DPE,2.0,DPE
CT,2021-03-23,Data 15,,,,,<NU,,,,4.1,1,2024-12-26 09:54:14,DPE,2.0,DPE
CT,2021-03-23,Data 14,,,,,<NU,,,,0.36,1,2024-12-26 09:49:42,DPE,2.0,DPE
CT,2021-03-23,Data 12,,,,,<NU,,,,10.0,1,2024-12-26 09:48:06,DPE,2.0,DPE
TUS,2021-03-23,Data 1,,,,,,,,,0.1692,1,2024-12-26 09:49:01,DPE,3.0,DPE
TUS,2021-03-23,Data 6,,,,,,,,,0.1319,1,2024-12-26 09:48:44,DPE,3.0,DPE
TUS,2021-03-23,Data 16,,,,,,,,,2.8,1,2024-12-26 09:53:42,DPE,3.0,DPE
TUS,2021-03-23,Data 15,,,,,,,,,2.3,1,2024-12-26 09:54:27,DPE,3.0,DPE
TUS,2021-03-23,Data 14,,,,,,,,,0.044,1,2024-12-26 09:50:20,DPE,3.0,DPE
CT,2021-03-23,Data 17,,,,CAL,<NU,,,,256.700012,1,2024-12-26 10:40:16,DPE,4.0,DPE
CT,2021-03-23,Data 19,,,,,,,,,0.961722,0,2024-12-26 11:33:00,,,DPE
CT,2021-03-23,Data 18,,,,,,,,,0.968679,0,2024-12-26 11:31:00,,,DPE
CT,2021-03-23,Data 22,,,,,,,,,2.85228,0,2024-12-26 13:10:00,,,DPE
CT,2021-03-23,Data 23,,,,,,,,,32.484299,0,2024-12-26 13:10:00,,,DPE
CT,2021-03-23,Data 24,,,,,,,,,4.7538,0,2024-12-26 13:10:00,,,DPE
CT,2021-03-23,Data 21,,,,,,,,,63.383999,0,2024-12-26 13:10:00,,,DPE
CT,2021-03-23,Data 20,,,,,,,,,65.760902,0,2024-12-26 13:10:00,,,DPE
TUS,2021-03-23,Data 22,,,,,,,,,0.048402,0,2024-12-26 13:10:00,,,DPE
TUS,2021-03-23,Data 23,,,,,,,,,2.530106,0,2024-12-26 13:10:00,,,DPE
TUS,2021-03-23,Data 24,,,,,,,,,3.080129,0,2024-12-26 13:10:00,,,DPE
CT,2021-03-24,Data 1,,,,,<NU,,,,0.85,1,2024-12-26 09:49:17,DPE,2.0,DPE
CT,2021-03-24,Data 6,,,,,<NU,,,,1.48,1,2024-12-26 09:48:24,DPE,2.0,DPE
TUS,2021-03-24,Data 1,,,,,,,,,0.1652,1,2024-12-26 09:49:01,DPE,3.0,DPE
TUS,2021-03-24,Data 6,,,,,,,,,0.141,1,2024-12-26 09:48:44,DPE,3.0,DPE
CT,2021-03-25,Data 1,,,,,<NU,,,,0.94,1,2024-12-26 09:49:17,DPE,2.0,DPE
CT,2021-03-25,Data 6,,,,,<NU,,,,1.07,1,2024-12-26 09:48:24,DPE,2.0,DPE
TUS,2021-03-25,Data 1,,,,,,,,,0.1601,1,2024-12-26 09:49:01,DPE,3.0,DPE
TUS,2021-03-25,Data 6,,,,,,,,,0.1329,1,2024-12-26 09:48:44,DPE,3.0,DPE
CT,2021-03-26,Data 1,,,,,<NU,,,,1.01,1,2024-12-26 09:49:17,DPE,2.0,DPE
CT,2021-03-26,Data 6,,,,,<NU,,,,1.15,1,2024-12-26 09:48:24,DPE,2.0,DPE
TUS,2021-03-26,Data 1,,,,,,,,,0.1551,1,2024-12-26 09:49:01,DPE,3.0,DPE
TUS,2021-03-26,Data 6,,,,,,,,,0.1219,1,2024-12-26 09:48:44,DPE,3.0,DPE
CT,2021-03-27,Data 1,,,,,<NU,,,,0.88,1,2024-12-26 09:49:17,DPE,2.0,DPE
CT,2021-03-27,Data 6,,,,,<NU,,,,1.1,1,2024-12-26 09:48:24,DPE,2.0,DPE
TUS,2021-03-27,Data 1,,,,,,,,,0.1531,1,2024-12-26 09:49:01,DPE,3.0,DPE
TUS,2021-03-27,Data 6,,,,,,,,,0.1158,1,2024-12-26 09:48:44,DPE,3.0,DPE
CT,2021-03-28,Data 1,,,,,<NU,,,,1.0,1,2024-12-26 09:49:17,DPE,2.0,DPE
CT,2021-03-28,Data 6,,,,,<NU,,,,1.02,1,2024-12-26 09:48:24,DPE,2.0,DPE
TUS,2021-03-28,Data 1,,,,,,,,,0.1593,1,2024-12-26 09:49:01,DPE,3.0,DPE
TUS,2021-03-28,Data 6,,,,,,,,,0.1269,1,2024-12-26 09:48:44,DPE,3.0,DPE
CT,2021-03-29,Data 1,,,,,<NU,,,,1.31,1,2024-12-26 09:49:17,DPE,2.0,DPE
CT,2021-03-29,Data 6,,,,,<NU,,,,1.39,1,2024-12-26 09:48:24,DPE,2.0,DPE
TUS,2021-03-29,Data 1,,,,,,,,,0.1611,1,2024-12-26 09:49:01,DPE,3.0,DPE
TUS,2021-03-29,Data 6,,,,,,,,,0.1229,1,2024-12-26 09:48:44,DPE,3.0,DPE
CT,2021-03-30,Data 1,,,,,<NU,,,,0.95,1,2024-12-26 09:49:17,DPE,2.0,DPE
CT,2021-03-30,Data 6,,,,,<NU,,,,1.2,1,2024-12-26 09:48:24,DPE,2.0,DPE
CT,2021-03-30,Data 4,,,,,<NU,,,,13.2,1,2024-12-26 09:52:22,DPE,2.0,DPE
CT,2021-03-30,Data 5,,,,,<NU,,,,7.55,1,2024-12-26 09:51:30,DPE,2.0,DPE
CT,2021-03-30,Data 3,,,,,<NU,,,,191.0,1,2024-12-26 09:32:49,DPE,2.0,DPE
CT,2021-03-30,Data 2,,,,,<NU,,,,174.0,1,2024-12-26 09:30:58,DPE,2.0,DPE
CT,2021-03-30,Data 9,,,,,<NU,,,,14.8,1,2024-12-26 09:52:34,DPE,2.0,DPE
CT,2021-03-30,Data 10,,,,,<NU,,,,7.38,1,2024-12-26 09:51:09,DPE,2.0,DPE
CT,2021-03-30,Data 11,,,,,<NU,,,,9.95,1,2024-12-26 09:47:21,DPE,2.0,DPE
CT,2021-03-30,Data 8,,,,,<NU,,,,4.0,1,2024-12-26 09:32:35,DPE,2.0,DPE
CT,2021-03-30,Data 7,,,,,<NU,,,,4.1,1,2024-12-26 09:31:15,DPE,2.0,DPE
CT,2021-03-30,Data 16,,,,,<NU,,,,0.55,1,2024-12-26 09:53:59,DPE,2.0,DPE
CT,2021-03-30,Data 15,,,,,<NU,,,,5.1,1,2024-12-26 09:54:14,DPE,2.0,DPE
CT,2021-03-30,Data 14,,,,,<NU,,,,0.28,1,2024-12-26 09:49:42,DPE,2.0,DPE
CT,2021-03-30,Data 12,,,,,<NU,,,,10.0,1,2024-12-26 09:48:06,DPE,2.0,DPE
TUS,2021-03-30,Data 1,,,,,,,,,0.1611,1,2024-12-26 09:49:01,DPE,3.0,DPE
TUS,2021-03-30,Data 6,,,,,,,,,0.1229,1,2024-12-26 09:48:44,DPE,3.0,DPE
TUS,2021-03-30,Data 16,,,,,,,,,2.1,1,2024-12-26 09:53:42,DPE,3.0,DPE
TUS,2021-03-30,Data 15,,,,,,,,,2.1,1,2024-12-26 09:54:27,DPE,3.0,DPE
TUS,2021-03-30,Data 14,,,,,,,,,0.04,1,2024-12-26 09:50:20,DPE,3.0,DPE
CT,2021-03-30,Data 17,,,,CAL,<NU,,,,169.899994,1,2024-12-26 10:40:16,DPE,4.0,DPE
CT,2021-03-30,Data 19,,,,,,,,,0.979058,0,2024-12-26 11:33:00,,,DPE
CT,2021-03-30,Data 18,,,,,,,,,0.976437,0,2024-12-26 11:31:00,,,DPE
CT,2021-03-30,Data 22,,,,,,,,,2.80224,0,2024-12-26 13:10:00,,,DPE
CT,2021-03-30,Data 23,,,,,,,,,51.040798,0,2024-12-26 13:10:00,,,DPE
CT,2021-03-30,Data 24,,,,,,,,,5.5044,0,2024-12-26 13:10:00,,,DPE
CT,2021-03-30,Data 21,,,,,,,,,40.032001,0,2024-12-26 13:10:00,,,DPE
CT,2021-03-30,Data 20,,,,,,,,,41.032799,0,2024-12-26 13:10:00,,,DPE
TUS,2021-03-30,Data 22,,,,,,,,,0.040999,0,2024-12-26 13:10:00,,,DPE
TUS,2021-03-30,Data 23,,,,,,,,,2.152471,0,2024-12-26 13:10:00,,,DPE
TUS,2021-03-30,Data 24,,,,,,,,,2.152471,0,2024-12-26 13:10:00,,,DPE
CT,2021-03-31,Data 1,,,,,<NU,,,,0.97,1,2024-12-26 09:49:17,DPE,2.0,DPE
CT,2021-03-31,Data 6,,,,,<NU,,,,1.1,1,2024-12-26 09:48:24,DPE,2.0,DPE
TUS,2021-03-31,Data 1,,,,,,,,,0.1621,1,2024-12-26 09:49:01,DPE,3.0,DPE
TUS,2021-03-31,Data 6,,,,,,,,,0.1309,1,2024-12-26 09:48:44,DPE,3.0,DPE
